TaskID,Created,Classification,Progress,TitleDocumentID,DocumentPresentInCorpus,Title,SourceExport
15127,2026-05-11T15:33:26Z,GOV TO GOV,Not Started,19877,no,19877 -2026-05-11 -OFFICE OF THE NATIONAL SECURITY ADVISER (REQUEST MICROSOFT WARNS OF MULTI-STAGE PHISHING CAMPAIGN USING LEGITIMATE EMAIL SERVICES ).PDF,definitions/Copy of - Fetch_All_Data_&_References_Matrix-POST__08584201914788160149253197884CU95__flow_run_record.json
15128,2026-05-11T15:35:32Z,Engagements and Events,Not Started,19862,no,19862 -2026-05-08 -1ST NTSCFSI(EXECUTIVE INVITATION LETTER ).PDF,definitions/Copy of - Fetch_All_Data_&_References_Matrix-POST__08584201914788160149253197884CU95__flow_run_record.json
15129,2026-05-11T15:36:06Z,Administrative Matters,Not Started,19868,no,19868 -2026-05-11 -MONACO VENTURES NIG LTDE (SUBMISSION OF INVOICE FOR PROVISION OF SERCURITY SERVICES FOR THE MONTH OF MAY 2026).PDF,definitions/Copy of - Fetch_All_Data_&_References_Matrix-POST__08584201914788160149253197884CU95__flow_run_record.json
15130,2026-05-11T15:37:50Z,Sponsorship And Collaborations,Not Started,19876,no,19876 -2026-05-11 -A4S AUDIT ADVISORY ASSURANCE (STRATEGIC PARTNERSHIP PROPOSAL FOR HUMAN RESOURCES (HR) PEOFESSIONAL DEVELOPMENT).PDF,definitions/Copy of - Fetch_All_Data_&_References_Matrix-POST__08584201914788160149253197884CU95__flow_run_record.json
15131,2026-05-11T15:38:52Z,Public Relations,Not Started,19875,no,19875 -2026-05-11 -NIRA (PROPOSAL TO FEATURE NIRA ON NITDAS TELEVISION PROGRAMME  PROMOTING.NG DOMAIN ADOPTION  AND NIGERIAS DIGITAL IDENTITY ).PDF,definitions/Copy of - Fetch_All_Data_&_References_Matrix-POST__08584201914788160149253197884CU95__flow_run_record.json
15132,2026-05-11T15:39:16Z,NITDA Services,Not Started,19874,no,19874 -2026-05-11 -NATIONAL BLOOD SERVICE AGENCY (NBSA) (REQUEST SUBMISSION OF IT PROJECTS FOR CLEARANCE  ).PDF,definitions/Copy of - Fetch_All_Data_&_References_Matrix-POST__08584201914788160149253197884CU95__flow_run_record.json
15133,2026-05-11T15:42:30Z,Public Relations,Not Started,19883,no,19883 -2026-05-11 -STUDENTS UNION GOVERNMENT UNIVERSITY OF ABUJA (REQUEST FOR A COURTESY VISIT ).PDF,definitions/Copy of - Fetch_All_Data_&_References_Matrix-POST__08584201914788160149253197884CU95__flow_run_record.json
15134,2026-05-11T15:42:56Z,Administrative Matters,Not Started,19870,no,19870 -2026-05-11 -ABUJA ELECTRICITY  DISTRIBUTION PLC.PDF,definitions/Copy of - Fetch_All_Data_&_References_Matrix-POST__08584201914788160149253197884CU95__flow_run_record.json
15135,2026-05-11T15:43:21Z,Administrative Matters,Not Started,19869,no,19869 -2026-05-11 -ABUJA ELECTRICITY  DISTRIBUTION PLC.PDF,definitions/Copy of - Fetch_All_Data_&_References_Matrix-POST__08584201914788160149253197884CU95__flow_run_record.json
15136,2026-05-11T19:59:46Z,Engagements and Events,Not Started,19893,no,19893 -2026-05-11 -PEBEC (INVITATION TO PRESENT AT THE  PEBEC RETREAT FOR HEADS OF MDAS GOVERNMENT DIGITIZATION-CURRENT REALITIES AND THE  ROAD AHEAD).PDF,definitions/Copy of - Fetch_All_Data_&_References_Matrix-POST__08584201914788160149253197884CU95__flow_run_record.json
15137,2026-05-12T20:43:31Z,GOV TO GOV,Not Started,19871,no,19871 -2026-05-11 -FEDERAL MINISTRY OF AGRICULTURE AND FOOD SECURITY (INVITATION TO PARTICIPATE  IN STAKEHOLDER CONSULTATION ON CLIMATE CHANGE ADAPTATION AND FO,definitions/Copy of - Fetch_All_Data_&_References_Matrix-POST__08584201914788160149253197884CU95__flow_run_record.json
15138,2026-05-12T20:44:26Z,Sponsorship And Collaborations,Not Started,19878,no,19878 -2026-05-11 -BLUEBERRY TRAVEL (SUBJECT COVERING LETTER FOR TRAVEL MANAGEMENT SERVICES ).PDF,definitions/Copy of - Fetch_All_Data_&_References_Matrix-POST__08584201914788160149253197884CU95__flow_run_record.json
15139,2026-05-12T20:44:47Z,Public Relations,Not Started,19884,no,19884 -2026-05-11 -STUDENTS UNION GOVERNMENT UNIVERSITY OF ABUJA (REQUEST FOR A COURTESY VISIT ).PDF,definitions/Copy of - Fetch_All_Data_&_References_Matrix-POST__08584201914788160149253197884CU95__flow_run_record.json
15140,2026-05-12T20:46:45Z,Sponsorship And Collaborations,Not Started,19880,no,19880 -2026-05-11 -FRC (NOMINATION TO PARTICIPATE AT THE IODCCG FRCN  MOFI & ICSAN  NATIONAL CORPORATE GOVERNANCE SUMMIT ).PDF,definitions/Copy of - Fetch_All_Data_&_References_Matrix-POST__08584201914788160149253197884CU95__flow_run_record.json
15141,2026-05-12T20:48:24Z,NITDA Engagements,Not Started,19885,no,19885 -2026-05-11 -ACCESS (REQUEST INVITATION TO PARTNER AS A CORPORATE SPONSOR AT THE DIGITAL  NIGERIA INTERNATIONAL CONFERENCE AND EXHIBITIONS (DNICE) 2026).P,definitions/Copy of - Fetch_All_Data_&_References_Matrix-POST__08584201914788160149253197884CU95__flow_run_record.json
15142,2026-05-12T20:52:02Z,GOV TO GOV,Not Started,19891,no,19891 -2026-05-11 -NIGERIAN NUCLEAR REGULATORY AUTHORITY  ( REQUEST FOR NOMINATION ).PDF,definitions/Copy of - Fetch_All_Data_&_References_Matrix-POST__08584201914788160149253197884CU95__flow_run_record.json
15143,2026-05-12T20:53:09Z,Administrative Matters,Not Started,19895,no,19895 -2026-05-11 -RED STAR EXPRESS ( REQUEST FOR PAYMENT ).PDF,definitions/Copy of - Fetch_All_Data_&_References_Matrix-POST__08584201914788160149253197884CU95__flow_run_record.json
15144,2026-05-12T20:53:47Z,Public Relations,Not Started,19899,no,19899 -2026-05-12 -NIGERIAN ASSOCIATION OF RESIDENTDOCTORS ( REQUEST FOR A COURTESY VISIT ).PDF,definitions/Copy of - Fetch_All_Data_&_References_Matrix-POST__08584201914788160149253197884CU95__flow_run_record.json
15145,2026-05-12T20:54:34Z,Administrative Matters,Not Started,19901,no,19901 -2026-05-12 -GREEN BOX ( REQUEST AWARD OF CONTRACT FOR CLEANING AND JANITORIAL SERVICES  FOR HEADQUARTERS AND NCAIR WUYE  ).PDF,definitions/Copy of - Fetch_All_Data_&_References_Matrix-POST__08584201914788160149253197884CU95__flow_run_record.json
15146,2026-05-12T20:57:18Z,GOV TO GOV,Not Started,19905,no,19905 -2026-05-12 -FEDERAL MINISTRY OF INDUSTRY TRADE AND INVESTMENT ( INVITATION TO PARTICIPATE IN THE SECOND NIGERIA-EU TRADE AND INVESTMENT).PDF,definitions/Copy of - Fetch_All_Data_&_References_Matrix-POST__08584201914788160149253197884CU95__flow_run_record.json
15147,2026-05-12T20:58:40Z,GOV TO GOV,Not Started,19907,no,19907 -2026-05-12 -OFFICE OF THE NATIONAL SECURITY ADVISER (REQUEST UNITED NATIONS WARNS OF RISK OF INFORMATION CRISIS FUELLED BY AI IN ADVERTISING ).PDF,definitions/Copy of - Fetch_All_Data_&_References_Matrix-POST__08584201914788160149253197884CU95__flow_run_record.json
15148,2026-05-12T21:00:04Z,Public Relations,Not Started,19900,no,19900 -2026-05-12 -NORTHWEST UNIVERSITY  KANO ( REQUEST FOR A COURTESY VISIT ).PDF,definitions/Copy of - Fetch_All_Data_&_References_Matrix-POST__08584201914788160149253197884CU95__flow_run_record.json
15149,2026-05-12T21:01:04Z,Administrative Matters,Not Started,19908,no,19908 -2026-05-12 -BUREAU OF PUBLIC PROCUREMENT (REQUEST FOR TRANSFER OF SERVICE  OF BUKAR FATI ZANNA).PDF,definitions/Copy of - Fetch_All_Data_&_References_Matrix-POST__08584201914788160149253197884CU95__flow_run_record.json
15150,2026-05-12T21:02:09Z,Public Relations,Not Started,19913,no,19913 -2026-05-12 -NFIU (LETTER OF APPRECIATION).PDF,definitions/Copy of - Fetch_All_Data_&_References_Matrix-POST__08584201914788160149253197884CU95__flow_run_record.json
15151,2026-05-12T21:09:28Z,Public Relations,Not Started,19913,no,19913 -2026-05-12 -NFIU (LETTER OF APPRECIATION).PDF,definitions/Copy of - Fetch_All_Data_&_References_Matrix-POST__08584201914788160149253197884CU95__flow_run_record.json
15152,2026-05-13T19:09:21Z,GOV TO GOV,Not Started,19939,no,19939 -2026-05-13 -STANDARDS ORGANIZATION OF NIGERIA (REQUEST FOR NOMINATION OF AN EXPERT TO PARTICIPATE AS A MEMBER OF THE NATIONAL TECHNICAL COMMITTEE  ).PDF,definitions/Copy of - Fetch_All_Data_&_References_Matrix-POST__08584201914788160149253197884CU95__flow_run_record.json
15153,2026-05-13T19:21:24Z,Public Relations,Not Started,19938,no,19938 -2026-05-13 -NTA NEWS ( INVITATION TO NTA TUESDAY LIVE ).PDF,definitions/Copy of - Fetch_All_Data_&_References_Matrix-POST__08584201914788160149253197884CU95__flow_run_record.json
15154,2026-05-13T19:58:28Z,FMCIDE,Not Started,19937,no,19937 -2026-05-13 -MCIDE (REQUEST INNOVATION TO PARTNER AND PARTICIPATE IN THE 2026.PDF,definitions/Copy of - Fetch_All_Data_&_References_Matrix-POST__08584201914788160149253197884CU95__flow_run_record.json
15155,2026-05-13T20:01:31Z,FMCIDE,Not Started,19937,no,19937 -2026-05-13 -MCIDE (REQUEST INNOVATION TO PARTNER AND PARTICIPATE IN THE 2026.PDF,definitions/Copy of - Fetch_All_Data_&_References_Matrix-POST__08584201914788160149253197884CU95__flow_run_record.json
15156,2026-05-14T12:45:13Z,Administrative Matters,Not Started,19915,no,19915 -2026-05-12 -BUREAU OF PUBLIC PROCUREMENT (REQUEST FOR TRANSFER OF SERVICE  OF BUKAR FATI ZANNA).PDF,definitions/Copy of - Fetch_All_Data_&_References_Matrix-POST__08584201914788160149253197884CU95__flow_run_record.json
15157,2026-05-14T12:46:15Z,Sponsorship And Collaborations,Not Started,19919,no,19919 -2026-05-13 -LEADWAY ASSURANCE ( PROPOSAL FOR CYBER INSURANCE ).PDF,definitions/Copy of - Fetch_All_Data_&_References_Matrix-POST__08584201914788160149253197884CU95__flow_run_record.json
15158,2026-05-14T12:47:16Z,GOV TO GOV,Not Started,19921,no,19921 -2026-05-13 -NIGERIA REVENUE SERVICE ( REQUEST INVITATION TO NATIONAL WORKSHOP ORGANIZED BY THE GOVERNMENT BUSINESS GROUP ).PDF,definitions/Copy of - Fetch_All_Data_&_References_Matrix-POST__08584201914788160149253197884CU95__flow_run_record.json
15159,2026-05-14T12:48:19Z,NITDA Services,Not Started,19924,no,19924 -2026-05-13 -MCIDE (MINSTERIAL REQUEST FOR 3MTT GOV NG DOMAIN NAME).PDF,definitions/Copy of - Fetch_All_Data_&_References_Matrix-POST__08584201914788160149253197884CU95__flow_run_record.json
15160,2026-05-14T13:25:31Z,Public Relations,Not Started,19872,no,19872 -2026-05-11 -NIRA (REQUEST FOR A DATE PRESENTATION OF 2025 NIRA ANNUAL REPORTS).PDF,definitions/Copy of - Fetch_All_Data_&_References_Matrix-POST__08584201914788160149253197884CU95__flow_run_record.json
15161,2026-05-14T13:26:55Z,Administrative Matters,Not Started,19961,no,19961 -2026-05-14 -ABUJA MUNICIPAL AREA COUNCIL (REMINDER NOTICE ON CORPORATE PARKING-PARKING  PERMIT ).PDF,definitions/Copy of - Fetch_All_Data_&_References_Matrix-POST__08584201914788160149253197884CU95__flow_run_record.json
15162,2026-05-14T13:28:29Z,Administrative Matters,Not Started,19961,no,19961 -2026-05-14 -ABUJA MUNICIPAL AREA COUNCIL (REMINDER NOTICE ON CORPORATE PARKING-PARKING  PERMIT ).PDF,definitions/Copy of - Fetch_All_Data_&_References_Matrix-POST__08584201914788160149253197884CU95__flow_run_record.json
15163,2026-05-14T13:29:06Z,Engagements and Events,Not Started,19958,no,19958 -2026-05-14 -UNIVERSITY BASIC EDUCATION COMMISSION (INVITATION TO THE HOPE-EDU TECHNICAL SUPPORT MISSION ON THE FINALIZATION OF THE BOOK).PDF,definitions/Copy of - Fetch_All_Data_&_References_Matrix-POST__08584201914788160149253197884CU95__flow_run_record.json
15164,2026-05-14T13:42:11Z,Engagements and Events,Not Started,19958,no,19958 -2026-05-14 -UNIVERSITY BASIC EDUCATION COMMISSION (INVITATION TO THE HOPE-EDU TECHNICAL SUPPORT MISSION ON THE FINALIZATION OF THE BOOK).PDF,definitions/Copy of - Fetch_All_Data_&_References_Matrix-POST__08584201914788160149253197884CU95__flow_run_record.json
15165,2026-05-14T13:42:48Z,Engagements and Events,Not Started,19958,no,19958 -2026-05-14 -UNIVERSITY BASIC EDUCATION COMMISSION (INVITATION TO THE HOPE-EDU TECHNICAL SUPPORT MISSION ON THE FINALIZATION OF THE BOOK).PDF,definitions/Copy of - Fetch_All_Data_&_References_Matrix-POST__08584201914788160149253197884CU95__flow_run_record.json
15166,2026-05-14T13:43:21Z,Unclassifieds,Not Started,19966,no,19966 -2026-05-14 -LOWCOST PROPERTIES (LETTER OF PROPOSAL FOR REAL ESTATE INVESTMENT PARTNERSHIP ).PDF,definitions/Copy of - Fetch_All_Data_&_References_Matrix-POST__08584201914788160149253197884CU95__flow_run_record.json
15167,2026-05-14T13:46:33Z,Unclassifieds,Not Started,19700,no,19700 -2026-04-29 -INNOVA (STRATEGIC PARTNERSHIP PROPOSAL ).PDF,definitions/Copy of - Fetch_All_Data_&_References_Matrix-POST__08584201914788160149253197884CU95__flow_run_record.json
15168,2026-05-14T13:47:20Z,Unclassifieds,Not Started,19700,no,19700 -2026-04-29 -INNOVA (STRATEGIC PARTNERSHIP PROPOSAL ).PDF,definitions/Copy of - Fetch_All_Data_&_References_Matrix-POST__08584201914788160149253197884CU95__flow_run_record.json
15169,2026-05-14T14:27:48Z,Unclassifieds,Not Started,19700,no,19700 -2026-04-29 -INNOVA (STRATEGIC PARTNERSHIP PROPOSAL ).PDF,definitions/Copy of - Fetch_All_Data_&_References_Matrix-POST__08584201914788160149253197884CU95__flow_run_record.json
15170,2026-05-14T15:27:46Z,Unclassifieds,Not Started,19700,no,19700 -2026-04-29 -INNOVA (STRATEGIC PARTNERSHIP PROPOSAL ).PDF,definitions/Copy of - Fetch_All_Data_&_References_Matrix-POST__08584201914788160149253197884CU95__flow_run_record.json
15171,2026-05-14T15:29:12Z,Unclassifieds,Not Started,19700,no,19700 -2026-04-29 -INNOVA (STRATEGIC PARTNERSHIP PROPOSAL ).PDF,definitions/Copy of - Fetch_All_Data_&_References_Matrix-POST__08584201914788160149253197884CU95__flow_run_record.json
15172,2026-05-14T15:32:14Z,Unclassifieds,Not Started,19700,no,19700 -2026-04-29 -INNOVA (STRATEGIC PARTNERSHIP PROPOSAL ).PDF,definitions/Copy of - Fetch_All_Data_&_References_Matrix-POST__08584201914788160149253197884CU95__flow_run_record.json
15173,2026-05-14T15:42:40Z,Administrative Matters,Not Started,19830,no,19830 -2026-05-07 -INAH IMAN NIGERIA LTD (REQUEST FOR PAYMENT PROVISION OF PETROL AND DIESEL NEEDSOF ALL ZONZL OFFICES).PDF,definitions/Copy of - Fetch_All_Data_&_References_Matrix-POST__08584201914788160149253197884CU95__flow_run_record.json
15174,2026-05-14T15:47:39Z,Administrative Matters,Not Started,19822,no,19822 -2026-05-07 -NAH IMAN NIGERIA LTD (REQUEST FOR PAYMENT FOR THE MONTH OF MAY 2026).PDF,definitions/Copy of - Fetch_All_Data_&_References_Matrix-POST__08584201914788160149253197884CU95__flow_run_record.json
15175,2026-05-14T15:48:02Z,Administrative Matters,Not Started,19830,no,19830 -2026-05-07 -INAH IMAN NIGERIA LTD (REQUEST FOR PAYMENT PROVISION OF PETROL AND DIESEL NEEDSOF ALL ZONZL OFFICES).PDF,definitions/Copy of - Fetch_All_Data_&_References_Matrix-POST__08584201914788160149253197884CU95__flow_run_record.json
15176,2026-05-14T15:55:35Z,Public Relations,Not Started,19873,no,19873 -2026-05-11 -ASIN (BILATERAL MEETING REQUEST-ASIN DELEGATION VISIT TO ABUJA MAY 2026 ).PDF,definitions/Copy of - Fetch_All_Data_&_References_Matrix-POST__08584201914788160149253197884CU95__flow_run_record.json
15177,2026-05-14T15:56:12Z,Contracts and Services,Not Started,19882,no,19882 -2026-05-11 -OPERA ENERGY SERVICE LIMITED (APPLICATION FOR JOB COMPLETION CERTIFICATE FOR PROCUREMENT OF HIGH-PERFORMANCE).PDF,definitions/Copy of - Fetch_All_Data_&_References_Matrix-POST__08584201914788160149253197884CU95__flow_run_record.json
15178,2026-05-14T15:57:39Z,Internships,Not Started,19902,no,19902 -2026-05-12 -FEDERAL REPUBLIC OF NIGERIA (REQUEST FOR ACCEPTANCE OF POSTED CORP MEMBER FOR NATIONAL YOUTH SERVICE ).PDF,definitions/Copy of - Fetch_All_Data_&_References_Matrix-POST__08584201914788160149253197884CU95__flow_run_record.json
15179,2026-05-14T15:58:50Z,Sponsorship And Collaborations,Not Started,19906,no,19906 -2026-05-12 -CITIZEN TV ( LETTER OF INTRODUCTION ).PDF,definitions/Copy of - Fetch_All_Data_&_References_Matrix-POST__08584201914788160149253197884CU95__flow_run_record.json
15180,2026-05-14T16:01:06Z,GOV TO GOV,Not Started,19907,no,19907 -2026-05-12 -OFFICE OF THE NATIONAL SECURITY ADVISER (REQUEST UNITED NATIONS WARNS OF RISK OF INFORMATION CRISIS FUELLED BY AI IN ADVERTISING ).PDF,definitions/Copy of - Fetch_All_Data_&_References_Matrix-POST__08584201914788160149253197884CU95__flow_run_record.json
15181,2026-05-14T16:01:36Z,Public Relations,Not Started,19910,no,19910 -2026-05-12 -BAYERO UNIVERSITY KANO (REQUEST FOR COURTESY VISIT).PDF,definitions/Copy of - Fetch_All_Data_&_References_Matrix-POST__08584201914788160149253197884CU95__flow_run_record.json
15182,2026-05-14T16:04:07Z,Public Relations,Not Started,19911,no,19911 -2026-05-12 -FCT SECONDARY EDUCATION BOARD EDUCATION SECRETARIAT ( COURTESY VISIT AND PARTNERSHIP ON FCT-SEB DIGITIZATION ).PDF,definitions/Copy of - Fetch_All_Data_&_References_Matrix-POST__08584201914788160149253197884CU95__flow_run_record.json
15183,2026-05-14T16:05:55Z,Public Relations,Not Started,19913,no,19913 -2026-05-12 -NFIU (LETTER OF APPRECIATION).PDF,definitions/Copy of - Fetch_All_Data_&_References_Matrix-POST__08584201914788160149253197884CU95__flow_run_record.json
15184,2026-05-14T16:07:00Z,Administrative Matters,Not Started,19915,no,19915 -2026-05-12 -BUREAU OF PUBLIC PROCUREMENT (REQUEST FOR TRANSFER OF SERVICE  OF BUKAR FATI ZANNA).PDF,definitions/Copy of - Fetch_All_Data_&_References_Matrix-POST__08584201914788160149253197884CU95__flow_run_record.json
15185,2026-05-14T16:07:49Z,Public Relations,Not Started,19926,no,19926 -2026-05-13 -NASSNEWS (ONE ON ONE INTERVIEW).PDF,definitions/Copy of - Fetch_All_Data_&_References_Matrix-POST__08584201914788160149253197884CU95__flow_run_record.json
15186,2026-05-14T16:09:51Z,Public Relations,Not Started,19900,no,19900 -2026-05-12 -NORTHWEST UNIVERSITY  KANO ( REQUEST FOR A COURTESY VISIT ).PDF,definitions/Copy of - Fetch_All_Data_&_References_Matrix-POST__08584201914788160149253197884CU95__flow_run_record.json
15187,2026-05-14T16:10:29Z,Public Relations,Not Started,19899,no,19899 -2026-05-12 -NIGERIAN ASSOCIATION OF RESIDENTDOCTORS ( REQUEST FOR A COURTESY VISIT ).PDF,definitions/Copy of - Fetch_All_Data_&_References_Matrix-POST__08584201914788160149253197884CU95__flow_run_record.json
15188,2026-05-14T16:12:23Z,GOV TO GOV,Not Started,19905,no,19905 -2026-05-12 -FEDERAL MINISTRY OF INDUSTRY TRADE AND INVESTMENT ( INVITATION TO PARTICIPATE IN THE SECOND NIGERIA-EU TRADE AND INVESTMENT).PDF,definitions/Copy of - Fetch_All_Data_&_References_Matrix-POST__08584201914788160149253197884CU95__flow_run_record.json
15189,2026-05-14T16:13:27Z,Sponsorship And Collaborations,Not Started,19909,no,19909 -2026-05-12 -FMACTCE (LETTER OF INTRODUCTION AND INVITATION TO PARTICPATE ).PDF,definitions/Copy of - Fetch_All_Data_&_References_Matrix-POST__08584201914788160149253197884CU95__flow_run_record.json
15190,2026-05-14T16:15:14Z,Public Relations,Not Started,19918,no,19918 -2026-05-13 -THE EXPOSURE MAGAZINE ( LETTER OF NOTIFICATION FOR AWARD OF MERIT AS NIGERIAN MOST OUTSTANDING AGENCY OF THE YEAR ).PDF,definitions/Copy of - Fetch_All_Data_&_References_Matrix-POST__08584201914788160149253197884CU95__flow_run_record.json
15191,2026-05-14T16:15:22Z,Public Relations,Not Started,19918,no,19918 -2026-05-13 -THE EXPOSURE MAGAZINE ( LETTER OF NOTIFICATION FOR AWARD OF MERIT AS NIGERIAN MOST OUTSTANDING AGENCY OF THE YEAR ).PDF,definitions/Copy of - Fetch_All_Data_&_References_Matrix-POST__08584201914788160149253197884CU95__flow_run_record.json
15192,2026-05-14T16:18:06Z,GOV TO GOV,Not Started,19921,no,19921 -2026-05-13 -NIGERIA REVENUE SERVICE ( REQUEST INVITATION TO NATIONAL WORKSHOP ORGANIZED BY THE GOVERNMENT BUSINESS GROUP ).PDF,definitions/Copy of - Fetch_All_Data_&_References_Matrix-POST__08584201914788160149253197884CU95__flow_run_record.json
15193,2026-05-14T16:19:51Z,GOV TO GOV,Not Started,19922,no,19922 -2026-05-13 -FMHAPR (REQUEST INVITATION TO PARTICIPATE IN THE STUDY MISSION ON POVERTY  ).PDF,definitions/Copy of - Fetch_All_Data_&_References_Matrix-POST__08584201914788160149253197884CU95__flow_run_record.json
15194,2026-05-14T16:20:11Z,NITDA Services,Not Started,19924,no,19924 -2026-05-13 -MCIDE (MINSTERIAL REQUEST FOR 3MTT GOV NG DOMAIN NAME).PDF,definitions/Copy of - Fetch_All_Data_&_References_Matrix-POST__08584201914788160149253197884CU95__flow_run_record.json
15195,2026-05-14T16:21:17Z,Engagements and Events,Not Started,19927,no,19927 -2026-05-13 -NATIONAL POPULATION COMMISSION (INVITATION TO THE 1ST QUARTERLY COMMITEE MEETING ).PDF,definitions/Copy of - Fetch_All_Data_&_References_Matrix-POST__08584201914788160149253197884CU95__flow_run_record.json
15196,2026-05-14T16:23:45Z,NITDA Services,Not Started,19929,no,19929 -2026-05-13 -SERAP (REQUEST FOR COPIES OF THE ANNUAL COMPLIANCE REPORTS ).PDF,definitions/Copy of - Fetch_All_Data_&_References_Matrix-POST__08584201914788160149253197884CU95__flow_run_record.json
15197,2026-05-14T16:26:08Z,Sponsorship And Collaborations,Not Started,19934,no,19934 -2026-05-13 -OAUGF (REQUEST INVITATION TO THE EXECUTIVE INTERNATIONAL PROGRAMME ON ACCOUNTABILITY ).PDF,definitions/Copy of - Fetch_All_Data_&_References_Matrix-POST__08584201914788160149253197884CU95__flow_run_record.json
15198,2026-05-14T16:27:20Z,FMCIDE,Not Started,19937,no,19937 -2026-05-13 -MCIDE (REQUEST INNOVATION TO PARTNER AND PARTICIPATE IN THE 2026.PDF,definitions/Copy of - Fetch_All_Data_&_References_Matrix-POST__08584201914788160149253197884CU95__flow_run_record.json
15199,2026-05-14T16:28:22Z,Public Relations,Not Started,19938,no,19938 -2026-05-13 -NTA NEWS ( INVITATION TO NTA TUESDAY LIVE ).PDF,definitions/Copy of - Fetch_All_Data_&_References_Matrix-POST__08584201914788160149253197884CU95__flow_run_record.json
15200,2026-05-14T16:29:31Z,GOV TO GOV,Not Started,19939,no,19939 -2026-05-13 -STANDARDS ORGANIZATION OF NIGERIA (REQUEST FOR NOMINATION OF AN EXPERT TO PARTICIPATE AS A MEMBER OF THE NATIONAL TECHNICAL COMMITTEE  ).PDF,definitions/Copy of - Fetch_All_Data_&_References_Matrix-POST__08584201914788160149253197884CU95__flow_run_record.json
15201,2026-05-14T16:30:18Z,NITDA Services,Not Started,19948,no,19948 -2026-05-14 -CAROLINE BELLO & CO. (APPLICATION FOR NO OBJECTION FOR THE REGISTRATION OF CENTRE FOR SUSTAINABLE DIGITAL INNOVATIONAL LTD-GTE).PDF,definitions/Copy of - Fetch_All_Data_&_References_Matrix-POST__08584201914788160149253197884CU95__flow_run_record.json
15202,2026-05-14T16:31:07Z,NITDA Services,Not Started,19955,no,19955 -2026-05-14 -NCTM (REMINDER REQUEST FOR CREATION AND MAPPING OF ERP. NACETEM.GOV.NG DOMAIN).PDF,definitions/Copy of - Fetch_All_Data_&_References_Matrix-POST__08584201914788160149253197884CU95__flow_run_record.json
15203,2026-05-14T16:31:44Z,Administrative Matters,Not Started,19959,no,19959 -2026-05-14 -RADIO NIGERIA (REQUEST TRANSFER OF SERVICE FATIMA UMAR BELLO ).PDF,definitions/Copy of - Fetch_All_Data_&_References_Matrix-POST__08584201914788160149253197884CU95__flow_run_record.json
15204,2026-05-14T16:32:52Z,Interventions,Not Started,19968,no,19968 -2026-05-14 -BUREAU OF PUBLIC PROCUREMENT (REQUEST FOR INTERVENTION ).PDF,definitions/Copy of - Fetch_All_Data_&_References_Matrix-POST__08584201914788160149253197884CU95__flow_run_record.json
15205,2026-05-14T16:33:17Z,Administrative Matters,Not Started,19970,no,19970 -2026-05-14 -BUREAU OF PUBLIC PROCUREMENT ( REQUEST FOR SECONDMENT OF HASHIM  SULEIMAN.PDF,definitions/Copy of - Fetch_All_Data_&_References_Matrix-POST__08584201914788160149253197884CU95__flow_run_record.json
15206,2026-05-14T16:34:17Z,Engagements and Events,Not Started,19971,no,19971 -2026-05-14 -CENTRAL BANK OF NIGERIA (INVITATION TO ATTEND THE OFFICIAL LAUNCH OF THE CBN FOREIGN EXCHANGE MANUAL ).PDF,definitions/Copy of - Fetch_All_Data_&_References_Matrix-POST__08584201914788160149253197884CU95__flow_run_record.json
15207,2026-05-14T16:35:06Z,Administrative Matters,Not Started,19962,no,19962 -2026-05-14 -ABUJA MUNICIPAL AREA COUNCIL (REMINDER NOTICE ON CORPORATE PARKING-PARKING  PERMIT ).PDF,definitions/Copy of - Fetch_All_Data_&_References_Matrix-POST__08584201914788160149253197884CU95__flow_run_record.json
15208,2026-05-14T20:18:19Z,No Classification,Not Started,,no,No Title,definitions/Copy of - Fetch_All_Data_&_References_Matrix-POST__08584201914788160149253197884CU95__flow_run_record.json
15209,2026-05-14T20:26:44Z,No Classification,Not Started,,no,No Title,definitions/Copy of - Fetch_All_Data_&_References_Matrix-POST__08584201914788160149253197884CU95__flow_run_record.json
15210,2026-05-15T02:02:25Z,Unclassifieds,Not Started,19912,no,19912 -2026-05-12 -NET CONSTRUCT (PROPOSAL FOR A CORPORATE HOUSING PARTNERSHIP ).PDF,definitions/Copy of - Fetch_All_Data_&_References_Matrix-POST__08584201914788160149253197884CU95__flow_run_record.json
15211,2026-05-15T02:28:13Z,Unclassifieds,Not Started,19912,no,19912 -2026-05-12 -NET CONSTRUCT (PROPOSAL FOR A CORPORATE HOUSING PARTNERSHIP ).PDF,definitions/Copy of - Fetch_All_Data_&_References_Matrix-POST__08584201914788160149253197884CU95__flow_run_record.json
15212,2026-05-15T02:40:58Z,Unclassifieds,Not Started,19912,no,19912 -2026-05-12 -NET CONSTRUCT (PROPOSAL FOR A CORPORATE HOUSING PARTNERSHIP ).PDF,definitions/Copy of - Fetch_All_Data_&_References_Matrix-POST__08584201914788160149253197884CU95__flow_run_record.json
15213,2026-05-15T02:43:09Z,Unclassifieds,Not Started,19912,no,19912 -2026-05-12 -NET CONSTRUCT (PROPOSAL FOR A CORPORATE HOUSING PARTNERSHIP ).PDF,definitions/Copy of - Fetch_All_Data_&_References_Matrix-POST__08584201914788160149253197884CU95__flow_run_record.json
15214,2026-05-15T02:44:51Z,Unclassifieds,Not Started,19912,no,19912 -2026-05-12 -NET CONSTRUCT (PROPOSAL FOR A CORPORATE HOUSING PARTNERSHIP ).PDF,definitions/Copy of - Fetch_All_Data_&_References_Matrix-POST__08584201914788160149253197884CU95__flow_run_record.json
15215,2026-05-15T03:16:20Z,Unclassifieds,Not Started,19912,no,19912 -2026-05-12 -NET CONSTRUCT (PROPOSAL FOR A CORPORATE HOUSING PARTNERSHIP ).PDF,definitions/Copy of - Fetch_All_Data_&_References_Matrix-POST__08584201914788160149253197884CU95__flow_run_record.json
15216,2026-05-15T03:18:37Z,Unclassifieds,Not Started,19912,no,19912 -2026-05-12 -NET CONSTRUCT (PROPOSAL FOR A CORPORATE HOUSING PARTNERSHIP ).PDF,definitions/Copy of - Fetch_All_Data_&_References_Matrix-POST__08584201914788160149253197884CU95__flow_run_record.json
15217,2026-05-15T03:19:11Z,Unclassifieds,Not Started,19912,no,19912 -2026-05-12 -NET CONSTRUCT (PROPOSAL FOR A CORPORATE HOUSING PARTNERSHIP ).PDF,definitions/Copy of - Fetch_All_Data_&_References_Matrix-POST__08584201914788160149253197884CU95__flow_run_record.json
15218,2026-05-15T15:56:42Z,Engagements and Events,Not Started,19920,no,19920 -2026-05-13 -PUBLIC PRIVATE DEVELOPMENT CENTRE (INVITATION TO ROUNDTABLE ON AI GOVERNANCE DEMOCRACY AND ACCOUNTABILITY IN NIGERIA).PDF,definitions/Copy of - Fetch_All_Data_&_References_Matrix-POST__08584201914788160149253197884CU95__flow_run_record.json
15219,2026-05-15T15:58:45Z,Public Relations,Not Started,19928,no,19928 -2026-05-13 -TECHNOLOGY LAW CLUB UNIVERSITY OF JOS (REQUEST FOR EDUCATIONAL VISIT TO NITDA HEADQUARTERS).PDF,definitions/Copy of - Fetch_All_Data_&_References_Matrix-POST__08584201914788160149253197884CU95__flow_run_record.json
15220,2026-05-15T16:10:54Z,Engagements and Events,Not Started,19973,no,19973 -2026-05-14 -SHPC (PRESIDENTIAL PRESS CORPS (PPC) ANNUAL DINNER).PDF,definitions/Copy of - Fetch_All_Data_&_References_Matrix-POST__08584201914788160149253197884CU95__flow_run_record.json
15221,2026-05-15T16:49:06Z,Sponsorship And Collaborations,Not Started,19975,no,19975 -2026-05-14 -CCDDA (LETTER OF NOTIFICATION INVITATION GOODWILL MESSAGE AND STRATEGIC PARTNERSHIP ENGAGEMENT AT THE SECOND DICAN DIPLOMATIC).PDF,definitions/Copy of - Fetch_All_Data_&_References_Matrix-POST__08584201914788160149253197884CU95__flow_run_record.json
15222,2026-05-15T16:57:30Z,Interventions,Not Started,19976,no,19976 -2026-05-14 -NAPTIP ( REQUEST  DEPLOYMENT OF DIGITAL LEARNING CENTRE ).PDF,definitions/Copy of - Fetch_All_Data_&_References_Matrix-POST__08584201914788160149253197884CU95__flow_run_record.json
15223,2026-05-15T17:00:24Z,Public Relations,Not Started,19978,no,19978 -2026-05-15 -WCCIMA (LETTER OF INTRODUCTION AND REQUEST FOR COURTESY VISIT ).PDF,definitions/Copy of - Fetch_All_Data_&_References_Matrix-POST__08584201914788160149253197884CU95__flow_run_record.json
15224,2026-05-16T10:38:42Z,NITDA Engagements,Not Started,19990,no,19990 -2026-05-15 -NACCIMA (REQUEST FOR STRATEGIC COLLABORATION AND PARTNERSHIP ON THE INSTITUTIONALIZATION  AND IMPLEMENTATION OF THE NIGERIA ).PDF,definitions/Copy of - Fetch_All_Data_&_References_Matrix-POST__08584201914788160149253197884CU95__flow_run_record.json
15225,2026-05-16T10:39:22Z,Legal Matters,Not Started,19984,no,19984 -2026-05-15 -COURT OF APPEAL ABUJA DIVISION (4TH RESPONDENTS BRIEF OF ARGUMENT ).PDF,definitions/Copy of - Fetch_All_Data_&_References_Matrix-POST__08584201914788160149253197884CU95__flow_run_record.json
15226,2026-05-18T18:16:41Z,Interventions,Not Started,19997,no,19997 -2026-05-18 -SHESTCO (REQUEST FOR ASSESSMENT AND ENHANCEMENT OF ICT INFRASTRUCTURE AND WEBSITE CAPABILITIES ).PDF,definitions/Copy of - Fetch_All_Data_&_References_Matrix-POST__08584201914788160149253197884CU95__flow_run_record.json
15227,2026-05-19T04:14:11Z,Legislative Matters,Not Started,19993,no,19993 -2026-05-18 -DEPUTY PRESIDENT OF THE SENATE FEDERAL REPUBLIC OF NIGERIA (LETTER OF INTRODUCTION ).PDF,definitions/Copy of - Fetch_All_Data_&_References_Matrix-POST__08584201914788160149253197884CU95__flow_run_record.json
15228,2026-05-19T04:15:35Z,NITDA Services,Not Started,19991,no,"19991 -2026-05-18 -NIGERIA BULK ELECTRICITY TRADING PLC (REQUEST QUALITY ASSUARANCE ASSESSMENT VISIT FOR NIGERIA BULK ELECTRICITY  TRADING PLC,S CLEARED IT PROJ",definitions/Copy of - Fetch_All_Data_&_References_Matrix-POST__08584201914788160149253197884CU95__flow_run_record.json
15229,2026-05-19T04:16:58Z,Administrative Matters,Not Started,19982,no,19982 -2026-05-15 -GATBRIX PREMIUM IMPEX LTD  (REQUEST FOR PAYMENT ).PDF,definitions/Copy of - Fetch_All_Data_&_References_Matrix-POST__08584201914788160149253197884CU95__flow_run_record.json
15230,2026-05-19T04:17:21Z,Administrative Matters,Not Started,19981,no,19981 -2026-05-15 -FMWR  (REQUEST FOR RECORD OF SERVICE  (ROS) IN RESPECT OF BUKAR FATI ZANNA DEPUTY DIRECTOR ( PROCUMENT )(SGL) 16 ).PDF,definitions/Copy of - Fetch_All_Data_&_References_Matrix-POST__08584201914788160149253197884CU95__flow_run_record.json
15231,2026-05-19T04:17:51Z,Administrative Matters,Not Started,19981,no,19981 -2026-05-15 -FMWR  (REQUEST FOR RECORD OF SERVICE  (ROS) IN RESPECT OF BUKAR FATI ZANNA DEPUTY DIRECTOR ( PROCUMENT )(SGL) 16 ).PDF,definitions/Copy of - Fetch_All_Data_&_References_Matrix-POST__08584201914788160149253197884CU95__flow_run_record.json
15232,2026-05-19T04:19:12Z,NITDA Engagements,Not Started,19979,no,19979 -2026-05-15 -UNIVERSITY OF LAGOS NIGERIA (REQUEST FOR NOMINATION TO ATTEND THE DIGITAL  COOPERATION ORGANIZATION).PDF,definitions/Copy of - Fetch_All_Data_&_References_Matrix-POST__08584201914788160149253197884CU95__flow_run_record.json
15233,2026-05-19T04:20:08Z,Public Relations,Not Started,19965,no,19965 -2026-05-14 -CMEC  NIGERIA DEVELOPMENT LTD (REQUEST REMINDER ON REQUEST FOR COURTESY VISIT ).PDF,definitions/Copy of - Fetch_All_Data_&_References_Matrix-POST__08584201914788160149253197884CU95__flow_run_record.json
15234,2026-05-19T04:21:04Z,Sponsorship And Collaborations,Not Started,19960,no,19960 -2026-05-14 -B&C  (EXPRESSION OF INTEREST TO COLLABORATE WITH THE OFFICE FOR NIGERIAN DIGITAL INNOVATION  ).PDF,definitions/Copy of - Fetch_All_Data_&_References_Matrix-POST__08584201914788160149253197884CU95__flow_run_record.json
15235,2026-05-19T04:22:46Z,Sponsorship And Collaborations,Not Started,19995,no,19995 -2026-05-18 -SAPZ (REQUEST INTRODUCTION OF MESSRS ACE AXIS LIMITED -SAPZ DIGITAL FINANCIAL FLOW MONITORING SYSTEM ).PDF,definitions/Copy of - Fetch_All_Data_&_References_Matrix-POST__08584201914788160149253197884CU95__flow_run_record.json
15236,2026-05-19T04:23:36Z,Engagements and Events,Not Started,19994,no,19994 -2026-05-18 -CONSULATE OF THE REPUBLIC OF LIBERIA (INVITATION TO THE INAUGURAL LIBERIA-NIGERIA TRADE & INVESTMENT FORUM 2026 AND REQUEST FOR SUPPORT ).PDF,definitions/Copy of - Fetch_All_Data_&_References_Matrix-POST__08584201914788160149253197884CU95__flow_run_record.json
15237,2026-05-19T04:24:37Z,Administrative Matters,Not Started,19980,no,19980 -2026-05-15 -ECO EXPLORE ( REQUEST PROVISION OF FACILITY  MANAGEMENT FOR THE HEADQUARTERS AND NCAIR WUYE.PDF,definitions/Copy of - Fetch_All_Data_&_References_Matrix-POST__08584201914788160149253197884CU95__flow_run_record.json
15238,2026-05-20T12:48:37Z,Finance Matters,Not Started,20018,no,20018 -2026-05-19 -FEDERAL INLAND REVENUE SERVICE ( ATTENTION-DIRECTOR FINANCE ACCOUNTS ).PDF,definitions/Copy of - Fetch_All_Data_&_References_Matrix-POST__08584201914788160149253197884CU95__flow_run_record.json
15239,2026-05-20T12:50:58Z,GOV TO GOV,Not Started,20017,no,20017 -2026-05-19 -GALAXY BACKBONE ( REQUEST CYBERSECURITY ALERT-MANDATORY MEASURES TO ADDRESS EMERGING THREATS TO GOVERNMENT DIGITAL INFRASTRUCTURE ).PDF,definitions/Copy of - Fetch_All_Data_&_References_Matrix-POST__08584201914788160149253197884CU95__flow_run_record.json
15240,2026-05-20T13:03:31Z,GOV TO GOV,Not Started,20025,no,20025 -2026-05-20 -SERVICOM (INVITATION TO SERVICOME CAPACITY BUILDING WORKSHOP).PDF,definitions/Copy of - Fetch_All_Data_&_References_Matrix-POST__08584201914788160149253197884CU95__flow_run_record.json
15241,2026-05-20T16:32:00Z,Administrative Matters,Not Started,20033,no,20033 -2026-05-20 -DIVISIONAL POLICE OFFICER GARKI (REQUEST FOR REVIEW OF PERSONNEL ALLOWANCES AND ADMINISTRATIVE CHARGES ).PDF,definitions/Copy of - Fetch_All_Data_&_References_Matrix-POST__08584201914788160149253197884CU95__flow_run_record.json
15242,2026-05-20T16:36:41Z,Engagements and Events,Not Started,19998,no,19998 -2026-05-19 -STATE HOUSE PRESS CORPS ( PRESIDENTIAL PRESS CORPS PPC ANNUAL DINNER-CHANGE OF DATE ).PDF,definitions/Copy of - Fetch_All_Data_&_References_Matrix-POST__08584201914788160149253197884CU95__flow_run_record.json
15243,2026-05-20T16:38:25Z,GOV TO GOV,Not Started,19999,no,19999 -2026-05-19 -OFFICE OF THE SECRETARY TO THE GOVERNMENT OF THE FEDERATION (CYBERSECURITY AND INFRASTRUCTURE SECURITY AGENCY).PDF,definitions/Copy of - Fetch_All_Data_&_References_Matrix-POST__08584201914788160149253197884CU95__flow_run_record.json
15244,2026-05-20T17:03:27Z,Engagements and Events,Not Started,19998,no,19998 -2026-05-19 -STATE HOUSE PRESS CORPS ( PRESIDENTIAL PRESS CORPS PPC ANNUAL DINNER-CHANGE OF DATE ).PDF,definitions/Copy of - Fetch_All_Data_&_References_Matrix-POST__08584201914788160149253197884CU95__flow_run_record.json
15245,2026-05-21T02:57:56Z,Engagements and Events,Not Started,20002,no,20002 -2026-05-19 -THE FEDERAL POLYTECHNIC ( SPECIAL INVITATION TO SERVE AS THE GUEST SPEAKER AT THE COMBINED 11TH CONVOCATION CEREMONY OF THE FEDERAL POLYTECHN,definitions/Copy of - Fetch_All_Data_&_References_Matrix-POST__08584201914788160149253197884CU95__flow_run_record.json
15246,2026-05-21T03:00:16Z,Public Relations,Not Started,20005,no,20005 -2026-05-19 -NISO NIGERIA INDEPENDENT SYSTEM OPERATOR ( NISO MANAGING DIRECTOR-CEO PROPOSED COURTESY VISIT TO NITDA ).PDF,definitions/Copy of - Fetch_All_Data_&_References_Matrix-POST__08584201914788160149253197884CU95__flow_run_record.json
15247,2026-05-21T03:00:39Z,Public Relations,Not Started,20005,no,20005 -2026-05-19 -NISO NIGERIA INDEPENDENT SYSTEM OPERATOR ( NISO MANAGING DIRECTOR-CEO PROPOSED COURTESY VISIT TO NITDA ).PDF,definitions/Copy of - Fetch_All_Data_&_References_Matrix-POST__08584201914788160149253197884CU95__flow_run_record.json
15248,2026-05-21T03:01:22Z,Sponsorship And Collaborations,Not Started,20006,no,20006 -2026-05-19 -NIGERIAN PRESS COUNCIL (REQUEST FOR SPONSORSHIP SUPPORT ).PDF,definitions/Copy of - Fetch_All_Data_&_References_Matrix-POST__08584201914788160149253197884CU95__flow_run_record.json
15249,2026-05-21T03:01:49Z,FMCIDE,Not Started,20007,no,20007 -2026-05-19 -MCIDE (REQUEST FOR RELEASE OF MR. MUHAMMAD AMINU LAWAL TO PARTICIPATE IN THE ADLI PEER LEARNING INITIATIVE ON DIGITAL PUBLIC INFRASTRUCTURE.P,definitions/Copy of - Fetch_All_Data_&_References_Matrix-POST__08584201914788160149253197884CU95__flow_run_record.json
15250,2026-05-21T03:02:42Z,Engagements and Events,Not Started,20009,no,20009 -2026-05-19 -NIGERIA COMPUTER SOCIETY (STAKEHOLDERS FORUM ON CYBERSECURITY INVITATION AS KEYNOTE SPEAKER ).PDF,definitions/Copy of - Fetch_All_Data_&_References_Matrix-POST__08584201914788160149253197884CU95__flow_run_record.json
15251,2026-05-21T03:03:04Z,Engagements and Events,Not Started,20010,no,20010 -2026-05-19 -DUALE OVIA & ALEX-ADEDIPE (INVITATION AS A SPECIAL GUEST AT THE 2026 ANNUAL BUSINESS SERIES OF DUALE OVIA & ALEX-ADEDIPE ).PDF,definitions/Copy of - Fetch_All_Data_&_References_Matrix-POST__08584201914788160149253197884CU95__flow_run_record.json
15252,2026-05-21T03:03:51Z,FMCIDE,Not Started,20012,no,20012 -2026-05-19 -MCIDE (REQUEST FOR SUPPORT FOR THE NATIONAL GIRLS IN ICT COMMEMORATION DINNER ).PDF,definitions/Copy of - Fetch_All_Data_&_References_Matrix-POST__08584201914788160149253197884CU95__flow_run_record.json
15253,2026-05-21T03:04:50Z,NITDA Services,Not Started,20013,no,20013 -2026-05-19 -COREN (REQUEST FOR CONSENT TO ENGAGE FOKALBITS TECHNOLOGIES LTD ).PDF,definitions/Copy of - Fetch_All_Data_&_References_Matrix-POST__08584201914788160149253197884CU95__flow_run_record.json
15254,2026-05-21T03:05:36Z,Public Relations,Not Started,20014,no,20014 -2026-05-19 -AI FOOD GOOD (LETTER OF APPRECIATION ).PDF,definitions/Copy of - Fetch_All_Data_&_References_Matrix-POST__08584201914788160149253197884CU95__flow_run_record.json
15255,2026-05-21T03:09:33Z,GOV TO GOV,Not Started,20015,no,20015 -2026-05-19 -NATIONAL BIOSAFETY MANAGEMENT  AGENCY (REQUEST FOR ICT SUPPORT AND DIGITAL  TRANSFORMATION PARTNERSHIP FOR THE NBMA ).PDF,definitions/Copy of - Fetch_All_Data_&_References_Matrix-POST__08584201914788160149253197884CU95__flow_run_record.json
15256,2026-05-21T03:09:54Z,Legal Matters,Not Started,20016,no,20016 -2026-05-19 -IN THE COURT OF APPEAL HOLDEN AT ABUJA.PDF,definitions/Copy of - Fetch_All_Data_&_References_Matrix-POST__08584201914788160149253197884CU95__flow_run_record.json
15257,2026-05-21T03:10:19Z,Finance Matters,Not Started,20020,no,20020 -2026-05-19 -20018 -2026-05-19 -FEDERAL INLAND REVENUE SERVICE ( ATTENTION-DIRECTOR FINANCE ACCOUNTS ).PDF,definitions/Copy of - Fetch_All_Data_&_References_Matrix-POST__08584201914788160149253197884CU95__flow_run_record.json
15258,2026-05-21T03:10:41Z,NITDA Services,Not Started,20021,no,20021 -2026-05-20 -NEMA(REQUEST RESPONSE TO LETTER REF.NO. NITDA HQ-ITPC-384-VOL.I-1 DATED 17TH APRIL 2025 ON ICT PROJECT CLEARANCE SUBMISSION ).PDF,definitions/Copy of - Fetch_All_Data_&_References_Matrix-POST__08584201914788160149253197884CU95__flow_run_record.json
15259,2026-05-21T03:11:22Z,Public Relations,Not Started,20027,no,20027 -2026-05-20 -DIDI (LETTER OF COURTESY VISIT AND PARTNERSHIP ).PDF,definitions/Copy of - Fetch_All_Data_&_References_Matrix-POST__08584201914788160149253197884CU95__flow_run_record.json
15260,2026-05-21T03:12:13Z,Sponsorship And Collaborations,Not Started,20029,no,20029 -2026-05-20 -CMD (REQUEST INVITATION TO PARTICIPATE IN THE EXCUTIVE STUDY PROGRAMME  ON STRATEGIC LEADERSHIP FOR HUMAN RESOURCE AND ADMINISTRATIVE ).PDF,definitions/Copy of - Fetch_All_Data_&_References_Matrix-POST__08584201914788160149253197884CU95__flow_run_record.json
15261,2026-05-21T03:12:52Z,NITDA Services,Not Started,20030,no,20030 -2026-05-20 -2026-05-20 (1).PDF,definitions/Copy of - Fetch_All_Data_&_References_Matrix-POST__08584201914788160149253197884CU95__flow_run_record.json
15262,2026-05-21T03:14:02Z,GOV TO GOV,Not Started,20031,no,20031 -2026-05-20 -NBMA (INVITATION TO THE 1ST MEETING OF THE NATIONAL TECHNICAL WORKING GROUP NTWG ON BIOSECURITY ).PDF,definitions/Copy of - Fetch_All_Data_&_References_Matrix-POST__08584201914788160149253197884CU95__flow_run_record.json
15263,2026-05-21T03:15:30Z,Public Relations,Not Started,20032,no,20032 -2026-05-20 -ANDERSEN (STAKEHOLDER ENGAGEMENT INTELLECTUAL  PROPERTY SECURITISATION FRAMEWORK FOR NIGERIAS DIGITAL AND CREATIVE ECOSYSTEMS ).PDF,definitions/Copy of - Fetch_All_Data_&_References_Matrix-POST__08584201914788160149253197884CU95__flow_run_record.json
15264,2026-05-22T07:08:44Z,Engagements and Events,Not Started,20028,no,20028 -2026-05-20 -DBN DEVELOPMENT BANK   OF NIGERIA (SPECIAL INVITATION TO ATTEND DBNS  TECHPRENEUR SUMMIT 5.0 2026 ).PDF,definitions/Copy of - Fetch_All_Data_&_References_Matrix-POST__08584201914788160149253197884CU95__flow_run_record.json
15265,2026-05-22T07:10:44Z,Public Relations,Not Started,20034,no,20034 -2026-05-21 -BCN (OPERATIONALISING THE NATIONAL CLOUD POLICY 2025-A SOVEREIGN REFERENCE IMPLEMENTATION FRAMEWORK ).PDF,definitions/Copy of - Fetch_All_Data_&_References_Matrix-POST__08584201914788160149253197884CU95__flow_run_record.json
15266,2026-05-22T07:34:34Z,Public Relations,Not Started,20035,no,20035 -2026-05-21 -INTERNATIONAL IDEA ( INVITATION TO VALIDATION WORKSHOP ON ELECTRONIC TAGGING IMPLEMENTATION FRAMEWORK ).PDF,definitions/Copy of - Fetch_All_Data_&_References_Matrix-POST__08584201914788160149253197884CU95__flow_run_record.json
15267,2026-05-22T07:35:41Z,Engagements and Events,Not Started,20036,no,20036 -2026-05-21 -HFN (INVITATION TO THE HIGH-LEVEL STATKEHOLDER ROUNDTABLE-OPERATIONALISING  DIGITAL HEALTH TRANSFORMATION ).PDF,definitions/Copy of - Fetch_All_Data_&_References_Matrix-POST__08584201914788160149253197884CU95__flow_run_record.json
15268,2026-05-22T07:39:21Z,Engagements and Events,Not Started,20039,no,20039 -2026-05-21 -NACCIMA ( INVITATION TO INFRACON 2026 AS SPECIAL GUEST AND SESSION PRESENTER ).PDF,definitions/Copy of - Fetch_All_Data_&_References_Matrix-POST__08584201914788160149253197884CU95__flow_run_record.json
15269,2026-05-22T07:41:11Z,GOV TO GOV,Not Started,20041,no,20041 -2026-05-21 -NDPC ( INVITATION TO PARTICIPATE  IN A NATIONAL TECHNICAL CAPACITY DEVELOPMENT ON DATA SECURITY ).PDF,definitions/Copy of - Fetch_All_Data_&_References_Matrix-POST__08584201914788160149253197884CU95__flow_run_record.json
15270,2026-05-22T07:44:35Z,Engagements and Events,Not Started,20042,no,20042 -2026-05-21 -NCS ( INVITATION AT TECHNICAL PRESENTATION-2026 STAKEHOLDERS FORUM ON CYBERSECURITY ).PDF,definitions/Copy of - Fetch_All_Data_&_References_Matrix-POST__08584201914788160149253197884CU95__flow_run_record.json
15271,2026-05-22T07:46:07Z,Public Relations,Not Started,20043,no,20043 -2026-05-21 -PTDF (LETTER OF ACKNOWLEDGEMENT ).PDF,definitions/Copy of - Fetch_All_Data_&_References_Matrix-POST__08584201914788160149253197884CU95__flow_run_record.json
15272,2026-05-22T07:47:27Z,Public Relations,Not Started,20044,no,20044 -2026-05-21 -SERAP ( LETTER OF APPRECIATION AND REQUEST FOR DOCUMENTARY INTERVIEW ).PDF,definitions/Copy of - Fetch_All_Data_&_References_Matrix-POST__08584201914788160149253197884CU95__flow_run_record.json
15273,2026-05-22T07:48:20Z,Sponsorship And Collaborations,Not Started,20045,no,20045 -2026-05-21 -NDCCITMA ( REQUEST INVITATION TO PARTNER WITH NDCCITMA IN THE HOSTING OF NIGERIA DELTA ECONOMIC INVESTMENT SUMMIT ).PDF,definitions/Copy of - Fetch_All_Data_&_References_Matrix-POST__08584201914788160149253197884CU95__flow_run_record.json
15274,2026-05-22T07:49:44Z,GOV TO GOV,Not Started,20048,no,20048 -2026-05-21 -NSA (REQUEST HACKERS EXPLOIT MICROSOFT TEAMS IN DISGUISED CYBER ESPIONAGE CAMPAIGN ).PDF,definitions/Copy of - Fetch_All_Data_&_References_Matrix-POST__08584201914788160149253197884CU95__flow_run_record.json
15275,2026-05-22T07:50:39Z,GOV TO GOV,Not Started,20049,no,20049 -2026-05-21 -NSA (REQUEST EU BANS CHINESE HIGH-RISK  INVERTERS OVER CYBERSECURITY THREATS ).PDF,definitions/Copy of - Fetch_All_Data_&_References_Matrix-POST__08584201914788160149253197884CU95__flow_run_record.json
15276,2026-05-22T07:51:58Z,NITDA Services,Not Started,20050,no,20050 -2026-05-21 -FEDERAL MINISTRY OF INDUSTRY TRADE AND INVESTMENT( REQUEST FOR TAKEDOWN OF WEBSITE-NIPO.GOV.NG ).PDF,definitions/Copy of - Fetch_All_Data_&_References_Matrix-POST__08584201914788160149253197884CU95__flow_run_record.json
15277,2026-05-22T07:53:43Z,NITDA Engagements,Not Started,20052,no,20052 -2026-05-21 -SW GLOBAL (REQUEST FOR SUPPORT AND ACCESS TO DRIVERS LICENSE DATA FOR DIGITAL TRUST ECOSYSTEM PROOF OF CONCEPT.PDF,definitions/Copy of - Fetch_All_Data_&_References_Matrix-POST__08584201914788160149253197884CU95__flow_run_record.json
15278,2026-05-22T07:54:14Z,Public Relations,Not Started,20053,no,20053 -2026-05-21 -CEG (APPRECIATION FOR CONTINUED SUPPORT AND REQUEST FOR A COURTESY VISIT ).PDF,definitions/Copy of - Fetch_All_Data_&_References_Matrix-POST__08584201914788160149253197884CU95__flow_run_record.json
15279,2026-05-22T07:54:48Z,Engagements and Events,Not Started,20054,no,20054 -2026-05-21 -SUSTAINABILITY TABLE SERIES (INVITATION FOR SPEAKING ENGAGEMENT & STRATEGIC PARTNERSHIP-10TH EDITION OF THE SUSTAINABILITY TABLE DISCOURSE SE,definitions/Copy of - Fetch_All_Data_&_References_Matrix-POST__08584201914788160149253197884CU95__flow_run_record.json
15280,2026-05-22T07:56:02Z,Public Relations,Not Started,20055,no,20055 -2026-05-21 -BUSINESS DAY CONFERENCES (INVITATION TO PARTNER AND SPEAK AT THE BUSINESSDAY CEO FORUM 2026 ).PDF,definitions/Copy of - Fetch_All_Data_&_References_Matrix-POST__08584201914788160149253197884CU95__flow_run_record.json
15281,2026-05-22T07:57:05Z,Sponsorship And Collaborations,Not Started,20056,no,20056 -2026-05-21 -VON NEWMANN TECHNOLOGY CONSULTANT LIMITED (SUBJECT OFFICIAL PROPOSAL SUBMISSION -DEVELOPMENT AND IMPLEMENTATION OF A PERFORMANCE REVIEW & HR ,definitions/Copy of - Fetch_All_Data_&_References_Matrix-POST__08584201914788160149253197884CU95__flow_run_record.json
15282,2026-05-22T13:51:29Z,Sponsorship And Collaborations,Not Started,19996,no,"19996 -2026-05-18 -INFORMA (INVITATION AS STRATEGIC DIGITAL TRANSFORMATION PARTNER-NIGERIA ENERGY 2026 OCTOBER 27-29,2026 ).PDF",definitions/Copy of - Fetch_All_Data_&_References_Matrix-POST__08584201914788160149253197884CU95__flow_run_record.json
15283,2026-05-22T15:57:57Z,Administrative Matters,Not Started,20078,no,20078 -2026-05-22 -PSIN (REQUEST FOR TRANSFER OF SERVICE OF MRS MOHAMMED SAFI OTHMAN ).PDF,definitions/Copy of - Fetch_All_Data_&_References_Matrix-POST__08584201914788160149253197884CU95__flow_run_record.json
15284,2026-05-22T15:59:04Z,Engagements and Events,Not Started,20077,no,20077 -2026-05-22 -SON (INVITATION TO THE ARSO DUAL MARK OF QUALITYAWARD CEREMONY ).PDF,definitions/Copy of - Fetch_All_Data_&_References_Matrix-POST__08584201914788160149253197884CU95__flow_run_record.json
15285,2026-05-22T16:06:34Z,Engagements and Events,Not Started,20077,no,20077 -2026-05-22 -SON (INVITATION TO THE ARSO DUAL MARK OF QUALITYAWARD CEREMONY ).PDF,definitions/Copy of - Fetch_All_Data_&_References_Matrix-POST__08584201914788160149253197884CU95__flow_run_record.json
15286,2026-05-22T16:07:47Z,Sponsorship And Collaborations,Not Started,20075,no,20075 -2026-05-22 -DIGITAL EQUITY AFRICA (STRATEGIC PARTNERSHIP PROPOSAL  ADVANCING NIGERIAS NATIONAL AI AGENDA THROUGH A GLOBAL IMMERSION IN CHINA ).PDF,definitions/Copy of - Fetch_All_Data_&_References_Matrix-POST__08584201914788160149253197884CU95__flow_run_record.json
15287,2026-05-22T16:29:41Z,Engagements and Events,Not Started,20062,no,20062 -2026-05-22 -CENTRAL BANK OF NIGERIA (INVITATION TO ATTEND THE OFFICIAL LAUNCH OF THE PAYMENTS SYSTEM VISION 2028 ).PDF,definitions/Copy of - Fetch_All_Data_&_References_Matrix-POST__08584201914788160149253197884CU95__flow_run_record.json
15288,2026-05-22T16:32:20Z,Public Relations,Not Started,20071,no,20071 -2026-05-22 -AFFAS ( INVITATION TO THE VALIDATION WORKSHOP FINALISING THE OPERATIONAL FRAMEWORK FOR THE AI-ENABLED DIGITAL ADVISORY PLATFORM INITIATIVE ).,definitions/Copy of - Fetch_All_Data_&_References_Matrix-POST__08584201914788160149253197884CU95__flow_run_record.json
15289,2026-05-22T16:33:35Z,Engagements and Events,Not Started,20070,no,20070 -2026-05-22 -FMA (NOMINATION AND INVITATION TO NATIONAL STEERING COMMITTEE ON RENEWED HOPE COOPERATIVE REFORM AND REVAMP PROGRAMME ).PDF,definitions/Copy of - Fetch_All_Data_&_References_Matrix-POST__08584201914788160149253197884CU95__flow_run_record.json
15290,2026-05-22T16:34:13Z,Administrative Matters,Not Started,20069,no,20069 -2026-05-22 -FEDERAL UNIVERSITY OF TECHNOLOGY BABURA JIGAWA STATE NIGERIA (REQUEST FOR TRANSFER OF SERVICE OF TAURA ALIYU UBA ).PDF,definitions/Copy of - Fetch_All_Data_&_References_Matrix-POST__08584201914788160149253197884CU95__flow_run_record.json
15291,2026-05-23T03:59:10Z,NITDA Services,Not Started,18987,no,18987 -2026-03-10 -THE FEDERAL POLYTECHNIC NASARAWA (REQUEST FOR TECHNICAL INTERVENTION AND ASSISTANCE IN RECOVERING ADMINISTRATIVE CONTROL).PDF,definitions/Copy of - Fetch_All_Data_&_References_Matrix-POST__08584201914788160149253197884CU95__flow_run_record.json
15292,2026-06-01T10:05:30Z,GOV TO GOV,Not Started,20113,no,20113 -2026-05-29 -ONSA (UNITED STATES TRADEAND DEVELOPMENT AGENCY PLANS TELECOMS FEASIBILITY STUDY IN NIGERIA TO COUNTER CHINESE).PDF,definitions/Copy of - Fetch_All_Data_&_References_Matrix-POST__08584201914788160149253197884CU95__flow_run_record.json
15293,2026-06-01T10:06:57Z,GOV TO GOV,Not Started,20112,no,20112 -2026-05-29 -ONSA (UBA SENEGAL LOSSES OVER TWO MILLION DOLLARS TO LARGE SCALE CYBER ENABLED INFILTRATION OF BANKING SYSTEM).PDF,definitions/Copy of - Fetch_All_Data_&_References_Matrix-POST__08584201914788160149253197884CU95__flow_run_record.json
15294,2026-06-01T10:07:52Z,GOV TO GOV,Not Started,20111,no,20111 -2026-05-29 -ONSA (EUROPOL DISMANTLES INTERNATIONAL CRIMINAL NETWORK PRODUCING AND SELLING FAKE MEDICINES AND SUPPLEMENTS).PDF,definitions/Copy of - Fetch_All_Data_&_References_Matrix-POST__08584201914788160149253197884CU95__flow_run_record.json
15295,2026-06-01T10:14:26Z,Engagements and Events,Not Started,20079,no,20079 -2026-05-22 -TRANSNET CLOUD (INVITATION TO PUBLIC SECTOR EMGAGEMENT ROUNDTABLE ).PDF,definitions/Copy of - Fetch_All_Data_&_References_Matrix-POST__08584201914788160149253197884CU95__flow_run_record.json
15296,2026-06-01T10:16:01Z,Administrative Matters,Not Started,20082,no,20082 -2026-05-26 -BPP (REQUEST FOR TRANSFER OF SERVICE OF BUKAR FATI ZANNA).PDF,definitions/Copy of - Fetch_All_Data_&_References_Matrix-POST__08584201914788160149253197884CU95__flow_run_record.json
15297,2026-06-01T10:18:19Z,Contracts and Services,Not Started,20087,no,20087 -2026-05-26 -TELEWARE (REQUEST REVALIDATION FOR THE CONTRACT OF THE REGULATORY SANDBOX PROGRAMME).PDF,definitions/Copy of - Fetch_All_Data_&_References_Matrix-POST__08584201914788160149253197884CU95__flow_run_record.json
15298,2026-06-01T10:23:00Z,GOV TO GOV,Not Started,20103,no,20103 -2026-05-26 -ICRC (INVITATION TO STAKEHOLDER ENGAGEMENT SESSION ON THE NIGERIA MODEL PUBLIC PRIVATE PARTNERSHIP (PPP) AGREEMENT).PDF,definitions/Copy of - Fetch_All_Data_&_References_Matrix-POST__08584201914788160149253197884CU95__flow_run_record.json
15299,2026-06-01T10:24:09Z,Public Relations,Not Started,20105,no,20105 -2026-05-29 -NDIC (REQUEST FOR VISIT AND INFORMATIONA EXCHANCE OF ICT AND DATA PROTECTION FRAMEWORK).PDF,definitions/Copy of - Fetch_All_Data_&_References_Matrix-POST__08584201914788160149253197884CU95__flow_run_record.json
15300,2026-06-01T10:25:20Z,GOV TO GOV,Not Started,20110,no,20110 -2026-05-29 -ONSA (PHISHING CAMPAIGN TARGETS NIGERIANS IN FRAUDULENT NAFDAC RECRUITMENT SCHEME).PDF,definitions/Copy of - Fetch_All_Data_&_References_Matrix-POST__08584201914788160149253197884CU95__flow_run_record.json
15301,2026-06-01T10:27:00Z,Legislative Matters,Not Started,20102,no,20102 -2026-05-26 -HOUSE OF REPRESENTATIVES (CALL FOR MEMORANDUM INVITATION TO A ONE DAY PUBLIC HEARING ON A BILL FOR AN ACT TO REPEAL).PDF,definitions/Copy of - Fetch_All_Data_&_References_Matrix-POST__08584201914788160149253197884CU95__flow_run_record.json
15302,2026-06-01T17:18:42Z,Unclassifieds,Not Started,20118,no,20118 -2026-06-01 -NISMA (INVITATION FOR PROFESSIONAL MEMBERSHIP NOMINATION AND PARTICIPATION IN NISMA 6TH NATIONAL INDUCTION CEREMONY).PDF,definitions/Copy of - Fetch_All_Data_&_References_Matrix-POST__08584201914788160149253197884CU95__flow_run_record.json
15303,2026-06-02T12:11:52Z,NITDA Services,Not Started,20119,no,20119 -2026-06-01 -FED MIN OF HEALTH (REQUEST FOR THE PROCUREMENT AND REGISTRATION OF THE DOMAIN NAME).PDF,definitions/Copy of - Fetch_All_Data_&_References_Matrix-POST__08584201914788160149253197884CU95__flow_run_record.json
15304,2026-06-02T12:13:12Z,GOV TO GOV,Not Started,20120,no,20120 -2026-06-01 -INDEPENDENT CORRUPT PRACTICES AND OTHER RELATED OFFICES COMMISSION (INVESTIGATION ACTIVITIES NOTICE OF INVITATION).PDF,definitions/Copy of - Fetch_All_Data_&_References_Matrix-POST__08584201914788160149253197884CU95__flow_run_record.json
15305,2026-06-02T12:13:36Z,NITDA Services,Not Started,20121,no,20121 -2026-06-01 -JUDICIARY (APPLICATION FOR DOMAIN NAME REGISTRATION ).PDF,definitions/Copy of - Fetch_All_Data_&_References_Matrix-POST__08584201914788160149253197884CU95__flow_run_record.json
15306,2026-06-02T12:16:14Z,Engagements and Events,Not Started,20122,no,20122 -2026-06-01 -SON (INVITATION TO THE ARSO DUAL MARK OF QUALITY AWARD CEREMONY).PDF,definitions/Copy of - Fetch_All_Data_&_References_Matrix-POST__08584201914788160149253197884CU95__flow_run_record.json
15307,2026-06-02T12:16:50Z,Legal Matters,Not Started,20124,no,20124 -2026-06-01 -ALIYU & MUSA (SAN) (REPORT OF PROCEEDING OF 21ST APRIL 2026).PDF,definitions/Copy of - Fetch_All_Data_&_References_Matrix-POST__08584201914788160149253197884CU95__flow_run_record.json
15308,2026-06-03T11:14:06Z,GOV TO GOV,Not Started,20157,no,20157 -2026-06-02 -FED MINI OF AGRICULTURE AND FOOD SECURITY (INVITATION TO PARTICIPATE IN THE AGROW PROJECT TECHNICAL MISSION).PDF,definitions/Copy of - Fetch_All_Data_&_References_Matrix-POST__08584201914788160149253197884CU95__flow_run_record.json
15309,2026-06-03T11:14:56Z,GOV TO GOV,Not Started,20085,no,20085 -2026-05-26 -STATE HOUSE ABUJA NIGERIA (REQUEST FOR RELEASE  OF STAFF FOR THE COMMITTEE ASSIGNMENT).PDF,definitions/Copy of - Fetch_All_Data_&_References_Matrix-POST__08584201914788160149253197884CU95__flow_run_record.json
15310,2026-06-03T11:17:05Z,GOV TO GOV,Not Started,20156,no,20156 -2026-06-02 -CBN (NOMINATION TO THE PAYMENTS SERVICE PROVIDERS COMMITTEE).PDF,definitions/Copy of - Fetch_All_Data_&_References_Matrix-POST__08584201914788160149253197884CU95__flow_run_record.json
15311,2026-06-03T11:18:11Z,Administrative Matters,Not Started,20125,no,20125 -2026-06-01 -E PHILIPS & CO (LETTER OF AWARD ENGAGEMENT OF CONSULTANT VALUERS TO UNDERTAKE  A COMPREHENSIVE VALUATION OF THE AGENCY).PDF,definitions/Copy of - Fetch_All_Data_&_References_Matrix-POST__08584201914788160149253197884CU95__flow_run_record.json
15312,2026-06-03T11:19:11Z,Sponsorship And Collaborations,Not Started,20126,no,20126 -2026-06-01 -WOMEN IN TECHNOLOGY IN NIGERIA (PARTNERSHIP INVITATION TO THE WSIS +20 FORUM STEM SESSION IN GENEVA).PDF,definitions/Copy of - Fetch_All_Data_&_References_Matrix-POST__08584201914788160149253197884CU95__flow_run_record.json
15313,2026-06-03T11:19:48Z,FMCIDE,Not Started,20127,no,20127 -2026-06-01 -MCIDE (REQUEST FOR CYBESECURITY CAPACITY BUILDING FOR MINISTRY STAFF).PDF,definitions/Copy of - Fetch_All_Data_&_References_Matrix-POST__08584201914788160149253197884CU95__flow_run_record.json
15314,2026-06-03T11:22:45Z,Sponsorship And Collaborations,Not Started,20130,no,20130 -2026-06-01 -NILE UNIVERSITY OF NIGERIA (INVITATION TO PARTICIPATE IN OUR COMPLIANCE RISK MANAGEMENT & INTERNAL CONTROL TRAINING).PDF,definitions/Copy of - Fetch_All_Data_&_References_Matrix-POST__08584201914788160149253197884CU95__flow_run_record.json
15315,2026-06-03T11:46:15Z,GOV TO GOV,Not Started,20131,no,20131 -2026-06-01 -NDPC (INVITATION FOR ROUNDTABLE DISCUSSION ON THE SAFETY AND PROTECTION OF CHILDREN ONLINE).PDF,definitions/Copy of - Fetch_All_Data_&_References_Matrix-POST__08584201914788160149253197884CU95__flow_run_record.json
15316,2026-06-03T13:10:48Z,Administrative Matters,Not Started,20140,no,20140 -2026-06-02 -ABUJA MUNICIPAL AREA COUNCIL (NOTICE TO COMPLY WITH REGULAR AND VECTOR CONTROL ACTIVITY).PDF,definitions/Copy of - Fetch_All_Data_&_References_Matrix-POST__08584201914788160149253197884CU95__flow_run_record.json
15317,2026-06-03T13:12:08Z,Public Relations,Not Started,20146,no,20146 -2026-06-02 -LAW DIGIT (COMMENDATION ON THE LAUNCH OF GOVGUIDE NIGERIA GOVERNMENT SERVICES CHATBOT).PDF,definitions/Copy of - Fetch_All_Data_&_References_Matrix-POST__08584201914788160149253197884CU95__flow_run_record.json
15318,2026-06-03T13:13:28Z,Legislative Matters,Not Started,20147,no,20147 -2026-06-02 -HOUSE OF REPRESENTATIVE (REQUEST FOR RESCHEDULIN OF MEETING).PDF,definitions/Copy of - Fetch_All_Data_&_References_Matrix-POST__08584201914788160149253197884CU95__flow_run_record.json
15319,2026-06-03T13:14:30Z,GOV TO GOV,Not Started,20150,no,20150 -2026-06-02 -FEDERAL CHARACTER COMMISSION (INVITATION FOR AN INTERACTIVE MEETING).PDF,definitions/Copy of - Fetch_All_Data_&_References_Matrix-POST__08584201914788160149253197884CU95__flow_run_record.json
15320,2026-06-03T13:17:09Z,FMCIDE,Not Started,20162,no,20162 -2026-06-03 -FMCIDE (INVITATION TO THE NATIONAL GIRLS IN ICT COMMEMORATION DINNER).PDF,definitions/Copy of - Fetch_All_Data_&_References_Matrix-POST__08584201914788160149253197884CU95__flow_run_record.json
15321,2026-06-03T13:18:12Z,Interventions,Not Started,20163,no,20163 -2026-06-03 -FUAT (REGUEST FOR ICT INFRASTRUCTURE DEVELOPMENT AND DIGITAL TRANSFORMATION SUPPORT ).PDF,definitions/Copy of - Fetch_All_Data_&_References_Matrix-POST__08584201914788160149253197884CU95__flow_run_record.json
15322,2026-06-03T13:20:42Z,GOV TO GOV,Not Started,20168,no,20168 -2026-06-03 -FMITI (INVITATION TO PARTICIPATE IN THE STUDY MISSION ON PROMOTING EVALUATING INVESTMENT AND IMPACT ASSESSMENT  ).PDF,definitions/Copy of - Fetch_All_Data_&_References_Matrix-POST__08584201914788160149253197884CU95__flow_run_record.json
15323,2026-06-03T13:22:02Z,Interventions,Not Started,20169,no,20169 -2026-06-03 -NOTN (REQUEST FOR DONATION OF LAPTOP COMPUTERS  TO SUPPORT VRITICAL TRADE NEGOTIATION FUNCTIONS AT NOTN ).PDF,definitions/Copy of - Fetch_All_Data_&_References_Matrix-POST__08584201914788160149253197884CU95__flow_run_record.json
15324,2026-06-03T13:22:47Z,Sponsorship And Collaborations,Not Started,20170,no,20170 -2026-06-03 -CIG (CIG MOTORS EASYPAY AUTO PROGRAMME STAFF VEHICLE PURCHASE SCHEME PROPOSAL ).PDF,definitions/Copy of - Fetch_All_Data_&_References_Matrix-POST__08584201914788160149253197884CU95__flow_run_record.json
15325,2026-06-03T13:23:45Z,NITDA Services,Not Started,20174,no,20174 -2026-06-03 -OTNSA (RE ;AUTHORIZATION FOR REGISTRATION OF INTERNET DOMAIN NCTCSECCLR GOV.NG).PDF,definitions/Copy of - Fetch_All_Data_&_References_Matrix-POST__08584201914788160149253197884CU95__flow_run_record.json
15326,2026-06-03T13:25:52Z,GOV TO GOV,Not Started,20172,no,20172 -2026-06-03 -SMEDAN (NOMINATION OF REPRESENTATIVES FOR THE PROJECT IMPLEMENTATION  UNIT (PIU -START UP INNOVATION (ACE PROJECT  ).PDF,definitions/Copy of - Fetch_All_Data_&_References_Matrix-POST__08584201914788160149253197884CU95__flow_run_record.json
